Model Name,AUC Score
LR ,0.5640420596
DT ,0.5811297803
RF ,0.6324153987
GBT ,0.6525366036
Tuned RF ,0.6324096362